{
  "project_info": {
    "project_number": "307363043129",
    "firebase_url": "https://fakestagram-629aa-default-rtdb.firebaseio.com",
    "project_id": "fakestagram-629aa",
    "storage_bucket": "fakestagram-629aa.firebasestorage.app"
  },
  "client": [
    {
      "client_info": {
        "mobilesdk_app_id": "1:307363043129:android:9598ffe685d348d9ad3ae8",
        "android_client_info": {
          "package_name": "com.example.fakestagram"
        }
      },
      "oauth_client": [
        {
          "client_id": "307363043129-socu6st2jopi090jha19qkjs4qdp73pl.apps.googleusercontent.com",
          "client_type": 1,
          "android_info": {
            "package_name": "com.example.fakestagram",
            "certificate_hash": "db75ae9d79a6fd35d0e4e39d25ecead48a6f707c"
          }
        },
        {
          "client_id": "307363043129-e458m3us8eg7k3n7jhuu6sfm5er0amum.apps.googleusercontent.com",
          "client_type": 3
        }
      ],
      "api_key": [
        {
          "current_key": "AIzaSyDBjFgfHg-qvHXi7f8XVKxSmoMXK1d5jaM"
        }
      ],
      "services": {
        "appinvite_service": {
          "other_platform_oauth_client": [
            {
              "client_id": "307363043129-e458m3us8eg7k3n7jhuu6sfm5er0amum.apps.googleusercontent.com",
              "client_type": 3
            }
          ]
        }
      }
    }
  ],
  "configuration_version": "1"
}