{
  "project_info": {
    "project_number": "210650946715",
    "project_id": "exercise2-96a33",
    "storage_bucket": "exercise2-96a33.firebasestorage.app"
  },
  "client": [
    {
      "client_info": {
        "mobilesdk_app_id": "1:210650946715:android:f8ebde19db3159e42c3a3e",
        "android_client_info": {
          "package_name": "com.example.exercise2"
        }
      },
      "oauth_client": [],
      "api_key": [
        {
          "current_key": "AIzaSyCmeC7507WsWnkT4N-RGAeIF0BEnzaae34"
        }
      ],
      "services": {
        "appinvite_service": {
          "other_platform_oauth_client": []
        }
      }
    }
  ],
  "configuration_version": "1"
}